{"LeftBorder":1.4356000000000004,"RightBorder":6.564399999999999,"Name":"C"}